{
    "Date": "Date",
    "Dividend": "Dividend Paid",
    "Shares Outstanding": "Common Shares Outstanding",
    "Close": "Last Closing Price",
    "Adj. Close": "Adjusted Closing Price",
    "High": "Highest Price",
    "Low": "Lowest Price",
    "Open": "Opening Price",
    "Volume": "Trading Volume",

    "Fiscal Period": "Fiscal Period",
    "Fiscal Year": "Fiscal Year",
    "Report Date": "Report Date",
    "Publish Date": "Publish Date",
    "Restated Date": "Restated",
    
    "Revenue": "Revenue",
    "Cost of Revenue": "Cost of revenue",
    "Gross Profit": "Gross Profit",
    "Operating Expenses": "Operating Expenses",
    "Selling, General & Administrative": "Selling, General & Administrative",
    "Research & Development": "Research & Development",
    "Depreciation & Amortization": "Depreciation & Amortization",
    "Operating Income (Loss)": "Operating Income (Loss)",
    "Non-Operating Income (Loss)": "Non-Operating Income (Loss)",
    "Interest Expense, Net": "Interest Expense, net",
    "Pretax Income (Loss), Adj.": "Pretax Income (Loss), Adjusted",
    "Pretax Income (Loss)": "Pretax Income (Loss)",
    "Income Tax (Expense) Benefit, Net": "Income Tax (Expense) Benefit, net",
    "Income (Loss) from Continuing Operations": "Income (Loss) from Continuing Operations",
    "Net Extraordinary Gains (Losses)": "Net Extraordinary Gains (Losses)",
    "Net Income": "Net Income",
    "Net Income (Common)": "Net Income Available to Common Shareholders",
    "Abnormal Gains (Losses)": "Abnormal Gains (Losses)",

    "Cash, Cash Equivalents & Short Term Investments": "Cash, Cash Equivalents & Short Term Investments",
    "Accounts & Notes Receivable": "Accounts & Notes Receivable",
    "Inventories": "Inventories",
    "Total Current Assets": "Total Current Assets",
    "Property, Plant & Equipment, Net": "Property, Plant & Equipment, Net",
    "Long Term Investments & Receivables": "Long Term Investments & Receivables",
    "Other Long Term Assets": "Other Long Term Assets",
    "Total Noncurrent Assets": "Total Noncurrent Assets",
    "Total Assets": "Total Assets",
    "Payables & Accruals": "Payables & Accruals",
    "Short Term Debt": "Short Term Debt",
    "Total Current Liabilities": "Total Current Liabilities",
    "Long Term Debt": "Long Term Debt",
    "Total Noncurrent Liabilities": "Total Noncurrent Liabilities",
    "Total Liabilities": "Total Liabilities",
    "Share Capital & Additional Paid-In Capital": "Share Capital & Additional Paid-In Capital",
    "Treasury Stock": "Treasury Stock",
    "Retained Earnings": "Retained Earnings",
    "Total Equity": "Total Equity",
    "Total Liabilities & Equity": "Total Liabilities & Equity",

    "Net Income/Starting Line": "Net Income/Starting Line",
    "Depreciation & Amortization": "Depreciation & Amortization",
    "Non-Cash Items": "Non-Cash Items",
    "Change in Working Capital": "Change in Working Capital",
    "Change in Accounts Receivable": "(Increase) Decrease in Accounts Receivable",
    "Change in Inventories": "(Increase) Decrease in Inventories",
    "Change in Accounts Payable": "Increase (Decrease) in Accounts Payable",
    "Change in Other": "Increase (Decrease) in Other",
    "Net Cash from Operating Activities": "Cash from Operating Activities",
    "Change in Fixed Assets & Intangibles": "Change in Fixed Assets & Intangibles",
    "Net Change in Long Term Investment": "Net Change in Long Term Investment",
    "Net Cash from Acquisitions & Divestitures": "Net Cash From Acquisitions & Divestitures",
    "Net Cash from Investing Activities": "Cash from Investing Activities",
    "Dividends Paid": "Dividends Paid",
    "Cash from (Repayment of) Debt": "Cash From (Repayment of) Debt",
    "Cash from (Repurchase of) Equity": "Cash From (Repurchase of) Equity",
    "Net Cash from Financing Activities": "Cash from Financing Activities",
    "Net Change in Cash": "Net Changes in Cash",

    "SimFinId": "id",
    "Company Name": "name",
    "Ticker": "ticker",
    "IndustryId": "sectorCode",
    "End of financial year (month)": "endFy",
    "Number Employees": "numEmployees",
    "Business Summary": "companyDescription",
    "Market": "market",
    "ISIN": "isin"


}
